Workbook

Sheet dataset
A1: Nombre | B1: Apellido | C1: Cod estudiante | D1: Sede | E1: Plan de estudios | F1: Cargo elaborado por | G1: Cargo resp. Académico | H1: Carrera | I1: Unidad de negocio | J1: CRD | K1: Grupo
A2: JOSE MIGUEL | B2: FIGUEROA LLANOS | C2: N00541823 | D2: Virtual | E2: 2025G | F2: Proceso masivo | G2: Proceso masivo | H2: ADMINISTRACIÓN | I2: WA CAD | J2: 40 | K2: BRE-LB
A3: JOAN ALBERTO | B3: SANCHEZ DIAZ | C3: N00544399 | D3: Virtual | E3: 2025G | F3: Proceso masivo | G3: Proceso masivo | H3: ADMINISTRACIÓN | I3: WA CAD | J3: 20 | K3: BRE-LB
A4: RONALDO DANIEL | B4: RAMIREZ JOAQUIN | C4: N00529428 | D4: Virtual | E4: 2025G | F4: Proceso masivo | G4: Proceso masivo | H4: ADMINISTRACIÓN | I4: WA CAD | J4: 23 | K4: BRE-LB
A5: JOHAN JEREMY | B5: DIAZ LOPEZ | C5: N00543486 | D5: Comas | E5: 2025G | F5: Proceso masivo | G5: Proceso masivo | H5: ADMINISTRACIÓN | I5: UG | J5: 42 | K5: BRE-LB
A6: DAIRA ARIADNA | B6: DOMINGUEZ TORRES | C6: N00535855 | D6: Breña | E6: 2025G | F6: Proceso masivo | G6: Proceso masivo | H6: ADMINISTRACIÓN | I6: UG | J6: 17 | K6: BRE-LB
A7: VICTOR AARON | B7: CASTILLO LOYOLA | C7: N00530924 | D7: San Juan | E7: 2025G | F7: Proceso masivo | G7: Proceso masivo | H7: ADMINISTRACIÓN | I7: UG | J7: 17 | K7: BRE-LB
A8: KATHERINE EDIT | B8: ROSALES MENA | C8: N00523542 | D8: San Juan | E8: 2025G | F8: Proceso masivo | G8: Proceso masivo | H8: ADMINISTRACIÓN | I8: UG | J8: 33 | K8: BRE-LB
A9: ANDERSON ALEXIS | B9: RUIZ VALVERDE | C9: N00524237 | D9: San Juan | E9: 2025G | F9: Proceso masivo | G9: Proceso masivo | H9: ADMINISTRACIÓN | I9: UG | J9: 29 | K9: BRE-LB
A10: ALBERTO ALEJANDRO | B10: AGUERO CARHUAZ | C10: N00523539 | D10: San Juan | E10: 2025G | F10: Proceso masivo | G10: Proceso masivo | H10: ADMINISTRACIÓN | I10: UG | J10: 33 | K10: BRE-LB
A11: CARLOS IVAN | B11: PARRA CERCADO | C11: N00522402 | D11: Comas | E11: 2025G | F11: Proceso masivo | G11: Proceso masivo | H11: ADMINISTRACIÓN | I11: UG | J11: 14 | K11: BRE-LB
A12: ANTONELLA | B12: PORTOCARRERO JOTA | C12: N00545729 | D12: San Juan | E12: 2025G | F12: Proceso masivo | G12: Proceso masivo | H12: ADMINISTRACIÓN | I12: WAS | J12: 39 | K12: BRE-LB
A13: MELANY CECILIA | B13: MAURICIO VILLAFANE | C13: N00541866 | D13: Breña | E13: 2025G | F13: Proceso masivo | G13: Proceso masivo | H13: ADMINISTRACIÓN | I13: WAS | J13: 39 | K13: BRE-LB
... A765: LEYDI JASMIN | B765: MONJA MARIN | C765: N00522701 | D765: Los Olivos | E765: 2025G | F765: Proceso masivo | G765: Proceso masivo | H765: COMUNICACIÓN AUDIOVISUAL EN MEDIOS DIGITALES | I765: UG | J765: 5 | K765: COM-AM
C766: N00546919 | E766: 2025G | F766: Proceso masivo | G766: Proceso masivo
C767: N00546589 | E767: 2025G | F767: Proceso masivo | G767: Proceso masivo
C768: N00547229 | E768: 2025G | F768: Proceso masivo | G768: Proceso masivo
C769: N00547008 | E769: 2025G | F769: Proceso masivo | G769: Proceso masivo
C770: N00542968 | E770: 2025G | F770: Proceso masivo | G770: Proceso masivo
C771: N00532771 | E771: 2025G | F771: Proceso masivo | G771: Proceso masivo
C772: N00529821 | E772: 2025G | F772: Proceso masivo | G772: Proceso masivo
C773: N00543122 | E773: 2025G | F773: Proceso masivo | G773: Proceso masivo
C774: N00541532 | E774: 2025G | F774: Proceso masivo | G774: Proceso masivo
C775: N00545868 | E775: 2025G | F775: Proceso masivo | G775: Proceso masivo
C776: N00527046 | E776: 2025G | F776: Proceso masivo | G776: Proceso masivo
C777: N00542050 | E777: 2025G | F777: Proceso masivo | G777: Proceso masivo
... C1538: N00544008 | E1538: 2025G | F1538: Proceso masivo | G1538: Proceso masivo

Sheet Hoja1
A1: Código
A2: N00546919 | B2: =+_xlfn.XLOOKUP(A2,dataset!C:C,dataset!C:C) -> N00546919
A3: N00546589 | B3: =+_xlfn.XLOOKUP(A3,dataset!C:C,dataset!C:C) -> N00546589
A4: N00547229 | B4: =+_xlfn.XLOOKUP(A4,dataset!C:C,dataset!C:C) -> N00547229
A5: N00522460 | B5: =+_xlfn.XLOOKUP(A5,dataset!C:C,dataset!C:C) -> N00522460
A6: N00547008 | B6: =+_xlfn.XLOOKUP(A6,dataset!C:C,dataset!C:C) -> N00547008
A7: N00528325 | B7: =+_xlfn.XLOOKUP(A7,dataset!C:C,dataset!C:C) -> N00528325
A8: N00525394 | B8: =+_xlfn.XLOOKUP(A8,dataset!C:C,dataset!C:C) -> N00525394
A9: N00542629 | B9: =+_xlfn.XLOOKUP(A9,dataset!C:C,dataset!C:C) -> N00542629
A10: N00528237 | B10: =+_xlfn.XLOOKUP(A10,dataset!C:C,dataset!C:C) -> N00528237
A11: N00542968 | B11: =+_xlfn.XLOOKUP(A11,dataset!C:C,dataset!C:C) -> N00542968
A12: N00541146 | B12: =+_xlfn.XLOOKUP(A12,dataset!C:C,dataset!C:C) -> N00541146
A13: N00532771 | B13: =+_xlfn.XLOOKUP(A13,dataset!C:C,dataset!C:C) -> N00532771
... A1538: N00530678 | B1538: =+_xlfn.XLOOKUP(A1538,dataset!C:C,dataset!C:C) -> N00530678
